<?xml version='1.0' encoding='UTF-8' ?>
<timeLogEntries>
  <time id="1" path="/No Proyecto/lab2Estructuras/Planning" start="@1551553504938" delta="217" />
  <time id="2" path="/Non Project/lab2JorgeCalamabas/Planning" start="@1551040658000" delta="223" />
  <time id="3" path="/Non Project/lab2JorgeCalamabas/Planning" start="@1551555751000" delta="146" />
  <time id="4" path="/Non Project/lab2JorgeCalamabas/Design" start="@1551660835000" delta="96" />
  <time id="5" path="/Non Project/lab2JorgeCalamabas/Design" start="@1551747262000" delta="106" />
  <time id="6" path="/Non Project/lab2JorgeCalamabas/Design" start="@1552179300000" delta="140" />
  <time id="9" path="/Non Project/lab2JorgeCalamabas/Code" start="@1552265822000" delta="100" />
  <time id="11" path="/Non Project/lab2JorgeCalamabas/Code" start="@1552352278000" delta="169" />
  <time id="12" path="/Non Project/lab2JorgeCalamabas/Code" start="@1552438709000" delta="58" />
  <time id="16" path="/Non Project/lab2JorgeCalamabas/Code" start="@1552525332000" delta="85" />
</timeLogEntries>
