<?xml version='1.0' encoding='UTF-8' ?>
<timeLogEntries>
  <time id="17" path="/Non Project/lab2Rebolledo_Sebastian/Planning" start="@1551029720000" delta="218" flag="A" />
  <time id="18" path="/Non Project/lab2Rebolledo_Sebastian/Planning" start="@1551553235000" delta="92" flag="A" />
  <time id="19" path="/Non Project/lab2Rebolledo_Sebastian/Design" start="@1551751294000" delta="151" flag="A" />
  <time id="3" start="@1551553531000" flag="M" />
  <time id="2" start="@1551033458000" flag="M" />
  <time id="4" start="@1551641935000" flag="M" />
  <time id="5" start="@1551707662000" flag="M" />
  <time id="9" start="@1552229462000" flag="M" />
  <time id="11" start="@1552340398000" flag="M" />
  <time id="12" start="@1552417339000" flag="M" />
  <time id="16" start="@1552694532000" flag="M" />
  <time id="20" flag="D" />
  <time id="21" path="/Non Project/lab2Rebolledo_Sebastian/Design" start="@1551880890000" delta="82" flag="A" />
  <time id="22" path="/Non Project/lab2Rebolledo_Sebastian/Design" start="@1552088111000" delta="60" flag="A" />
  <time id="23" path="/Non Project/lab2Rebolledo_Sebastian/Code" start="@1552159029000" delta="117" flag="A" />
  <time id="24" path="/Non Project/lab2Rebolledo_Sebastian/Code" start="@1552172546000" delta="69" flag="A" />
  <time id="25" flag="D" />
  <time id="26" path="/Non Project/lab2Rebolledo_Sebastian/Code" start="@1552419001000" delta="125" flag="A" />
  <time id="27" path="/Non Project/lab2Rebolledo_Sebastian/Code" start="@1552519159000" delta="107" flag="A" />
  <time id="28" path="/Non Project/lab2Rebolledo_Sebastian/Code" start="@1552767901000" delta="159" flag="A" />
  <time id="29" path="/Non Project/lab2Rebolledo_Sebastian/Compile" start="@1552850489000" delta="35" flag="A" />
  <time id="30" path="/Non Project/lab2Rebolledo_Sebastian/Test" start="@1552853370000" delta="82" flag="A" />
  <time id="31" flag="D" />
  <time id="32" path="/Non Project/lab2JorgeCalamabas/Compile" start="@1552766483000" delta="29" flag="A" />
  <time id="33" path="/Non Project/lab2JorgeCalamabas/Test" start="@1552858161000" delta="18" flag="A" />
</timeLogEntries>
