<?xml version='1.0' encoding='UTF-8' ?>
<timeLogEntries>
  <time id="1" path="/No Proyecto/lab2Estructuras/Planning" start="@1551553504938" delta="217" />
  <time id="2" path="/Non Project/lab2JorgeCalamabas/Planning" start="@1551033458000" delta="223" />
  <time id="3" path="/Non Project/lab2JorgeCalamabas/Planning" start="@1551553531000" delta="146" />
  <time id="4" path="/Non Project/lab2JorgeCalamabas/Design" start="@1551641935000" delta="96" />
  <time id="5" path="/Non Project/lab2JorgeCalamabas/Design" start="@1551707662000" delta="106" />
  <time id="6" path="/Non Project/lab2JorgeCalamabas/Design" start="@1552179300000" delta="140" />
  <time id="9" path="/Non Project/lab2JorgeCalamabas/Code" start="@1552229462000" delta="100" />
  <time id="11" path="/Non Project/lab2JorgeCalamabas/Code" start="@1552340398000" delta="169" />
  <time id="12" path="/Non Project/lab2JorgeCalamabas/Code" start="@1552417339000" delta="58" />
  <time id="16" path="/Non Project/lab2JorgeCalamabas/Code" start="@1552694532000" delta="85" />
  <time id="17" path="/Non Project/lab2Rebolledo_Sebastian/Planning" start="@1551029720000" delta="218" />
  <time id="18" path="/Non Project/lab2Rebolledo_Sebastian/Planning" start="@1551553235000" delta="92" />
  <time id="19" path="/Non Project/lab2Rebolledo_Sebastian/Design" start="@1551751294000" delta="151" />
  <time id="21" path="/Non Project/lab2Rebolledo_Sebastian/Design" start="@1551880890000" delta="82" />
  <time id="22" path="/Non Project/lab2Rebolledo_Sebastian/Design" start="@1552088111000" delta="60" />
  <time id="23" path="/Non Project/lab2Rebolledo_Sebastian/Code" start="@1552159029000" delta="117" />
  <time id="24" path="/Non Project/lab2Rebolledo_Sebastian/Code" start="@1552172546000" delta="69" />
  <time id="26" path="/Non Project/lab2Rebolledo_Sebastian/Code" start="@1552419001000" delta="125" />
  <time id="27" path="/Non Project/lab2Rebolledo_Sebastian/Code" start="@1552519159000" delta="107" />
  <time id="28" path="/Non Project/lab2Rebolledo_Sebastian/Code" start="@1552767901000" delta="159" />
  <time id="29" path="/Non Project/lab2Rebolledo_Sebastian/Compile" start="@1552850489000" delta="35" />
  <time id="30" path="/Non Project/lab2Rebolledo_Sebastian/Test" start="@1552853370000" delta="82" />
  <time id="32" path="/Non Project/lab2JorgeCalamabas/Compile" start="@1552766483000" delta="29" />
  <time id="33" path="/Non Project/lab2JorgeCalamabas/Test" start="@1552858161000" delta="18" />
</timeLogEntries>
