<?xml version='1.0' encoding='UTF-8' ?>
<timeLogEntries>
  <time id="1" path="/Non Project/PSP Fundamentals &amp; Advanced/Program 1/Planning" start="@1551552977009" delta="226" />
  <time id="2" path="/No Proyecto/PSP0/Planning" start="@1553373529000" delta="240" />
  <time id="3" path="/No Proyecto/PSP0/Planning" start="@1551552040000" delta="168" comment="" />
  <time id="4" path="/No Proyecto/PSP0/Design" start="@1551660132000" delta="115" />
  <time id="5" path="/No Proyecto/PSP0/Design" start="@1551746533000" delta="108" />
  <time id="6" path="/No Proyecto/PSP0/Design" start="@1552178787000" delta="154" />
  <time id="9" path="/No Proyecto/PSP0/Code" start="@1552264932000" delta="105" />
  <time id="10" path="/No Proyecto/PSP0/Code" start="@1552264933000" delta="93" />
  <time id="11" path="/No Proyecto/PSP0/Code" start="@1552351587000" delta="140" />
  <time id="12" path="/No Proyecto/PSP0/Code" start="@1552438080000" delta="160" />
</timeLogEntries>
